{
  "accuracy": 0.6014492753623188,
  "precision": 0.7301587301587301,
  "recall": 0.5476190476190477,
  "f1": 0.6258503401360545,
  "confusion_matrix": [
    [
      37,
      17
    ],
    [
      38,
      46
    ]
  ],
  "classification_report": "              precision    recall  f1-score   support\n\n           0       0.49      0.69      0.57        54\n           1       0.73      0.55      0.63        84\n\n    accuracy                           0.60       138\n   macro avg       0.61      0.62      0.60       138\nweighted avg       0.64      0.60      0.61       138\n",
  "roc_auc": 0.7061287477954145
}